Name,ProductModel
"Classic Vest, S",Classic Vest
"Classic Vest, M",Classic Vest
"Classic Vest, L",Classic Vest
"Classic Vest, S",Classic Vest
"Classic Vest, M",Classic Vest
"Classic Vest, L",Classic Vest
"Classic Vest, S",Classic Vest
"Classic Vest, M",Classic Vest
"Classic Vest, L",Classic Vest
"Classic Vest, S",Classic Vest
"Classic Vest, M",Classic Vest
"Classic Vest, L",Classic Vest
"Classic Vest, S",Classic Vest
"Classic Vest, M",Classic Vest
"Classic Vest, L",Classic Vest
"Classic Vest, S",Classic Vest
"Classic Vest, M",Classic Vest
"Classic Vest, L",Classic Vest
AWC Logo Cap,Cycling Cap
AWC Logo Cap,Cycling Cap
AWC Logo Cap,Cycling Cap
AWC Logo Cap,Cycling Cap
AWC Logo Cap,Cycling Cap
AWC Logo Cap,Cycling Cap
"Full-Finger Gloves, S",Full-Finger Gloves
"Full-Finger Gloves, M",Full-Finger Gloves
"Full-Finger Gloves, L",Full-Finger Gloves
"Full-Finger Gloves, S",Full-Finger Gloves
"Full-Finger Gloves, M",Full-Finger Gloves
"Full-Finger Gloves, L",Full-Finger Gloves
"Full-Finger Gloves, S",Full-Finger Gloves
"Full-Finger Gloves, M",Full-Finger Gloves
"Full-Finger Gloves, L",Full-Finger Gloves
"Full-Finger Gloves, S",Full-Finger Gloves
"Full-Finger Gloves, M",Full-Finger Gloves
"Full-Finger Gloves, L",Full-Finger Gloves
"Full-Finger Gloves, S",Full-Finger Gloves
"Full-Finger Gloves, M",Full-Finger Gloves
"Full-Finger Gloves, L",Full-Finger Gloves
"Full-Finger Gloves, S",Full-Finger Gloves
"Full-Finger Gloves, M",Full-Finger Gloves
"Full-Finger Gloves, L",Full-Finger Gloves
"Half-Finger Gloves, S",Half-Finger Gloves
"Half-Finger Gloves, M",Half-Finger Gloves
"Half-Finger Gloves, L",Half-Finger Gloves
"Half-Finger Gloves, S",Half-Finger Gloves
"Half-Finger Gloves, M",Half-Finger Gloves
"Half-Finger Gloves, L",Half-Finger Gloves
"Half-Finger Gloves, S",Half-Finger Gloves
"Half-Finger Gloves, M",Half-Finger Gloves
"Half-Finger Gloves, L",Half-Finger Gloves
"Half-Finger Gloves, S",Half-Finger Gloves
"Half-Finger Gloves, M",Half-Finger Gloves
"Half-Finger Gloves, L",Half-Finger Gloves
"Half-Finger Gloves, S",Half-Finger Gloves
"Half-Finger Gloves, M",Half-Finger Gloves
"Half-Finger Gloves, L",Half-Finger Gloves
"Half-Finger Gloves, S",Half-Finger Gloves
"Half-Finger Gloves, M",Half-Finger Gloves
"Half-Finger Gloves, L",Half-Finger Gloves
"HL Mountain Frame - Silver, 42",HL Mountain Frame
"HL Mountain Frame - Silver, 44",HL Mountain Frame
"HL Mountain Frame - Silver, 48",HL Mountain Frame
"HL Mountain Frame - Silver, 46",HL Mountain Frame
"HL Mountain Frame - Black, 42",HL Mountain Frame
"HL Mountain Frame - Black, 44",HL Mountain Frame
"HL Mountain Frame - Black, 48",HL Mountain Frame
"HL Mountain Frame - Black, 46",HL Mountain Frame
"HL Mountain Frame - Black, 38",HL Mountain Frame
"HL Mountain Frame - Silver, 38",HL Mountain Frame
"HL Mountain Frame - Silver, 42",HL Mountain Frame
"HL Mountain Frame - Silver, 44",HL Mountain Frame
"HL Mountain Frame - Silver, 48",HL Mountain Frame
"HL Mountain Frame - Silver, 46",HL Mountain Frame
"HL Mountain Frame - Black, 42",HL Mountain Frame
"HL Mountain Frame - Black, 44",HL Mountain Frame
"HL Mountain Frame - Black, 48",HL Mountain Frame
"HL Mountain Frame - Black, 46",HL Mountain Frame
"HL Mountain Frame - Black, 38",HL Mountain Frame
"HL Mountain Frame - Silver, 38",HL Mountain Frame
"HL Mountain Frame - Silver, 42",HL Mountain Frame
"HL Mountain Frame - Silver, 44",HL Mountain Frame
"HL Mountain Frame - Silver, 48",HL Mountain Frame
"HL Mountain Frame - Silver, 46",HL Mountain Frame
"HL Mountain Frame - Black, 42",HL Mountain Frame
"HL Mountain Frame - Black, 44",HL Mountain Frame
"HL Mountain Frame - Black, 48",HL Mountain Frame
"HL Mountain Frame - Black, 46",HL Mountain Frame
"HL Mountain Frame - Black, 38",HL Mountain Frame
"HL Mountain Frame - Silver, 38",HL Mountain Frame
"HL Mountain Frame - Silver, 42",HL Mountain Frame
"HL Mountain Frame - Silver, 44",HL Mountain Frame
"HL Mountain Frame - Silver, 48",HL Mountain Frame
"HL Mountain Frame - Silver, 46",HL Mountain Frame
"HL Mountain Frame - Black, 42",HL Mountain Frame
"HL Mountain Frame - Black, 44",HL Mountain Frame
"HL Mountain Frame - Black, 48",HL Mountain Frame
"HL Mountain Frame - Black, 46",HL Mountain Frame
"HL Mountain Frame - Black, 38",HL Mountain Frame
"HL Mountain Frame - Silver, 38",HL Mountain Frame
"HL Mountain Frame - Silver, 42",HL Mountain Frame
"HL Mountain Frame - Silver, 44",HL Mountain Frame
"HL Mountain Frame - Silver, 48",HL Mountain Frame
"HL Mountain Frame - Silver, 46",HL Mountain Frame
"HL Mountain Frame - Black, 42",HL Mountain Frame
"HL Mountain Frame - Black, 44",HL Mountain Frame
"HL Mountain Frame - Black, 48",HL Mountain Frame
"HL Mountain Frame - Black, 46",HL Mountain Frame
"HL Mountain Frame - Black, 38",HL Mountain Frame
"HL Mountain Frame - Silver, 38",HL Mountain Frame
"HL Mountain Frame - Silver, 42",HL Mountain Frame
"HL Mountain Frame - Silver, 44",HL Mountain Frame
"HL Mountain Frame - Silver, 48",HL Mountain Frame
"HL Mountain Frame - Silver, 46",HL Mountain Frame
"HL Mountain Frame - Black, 42",HL Mountain Frame
"HL Mountain Frame - Black, 44",HL Mountain Frame
"HL Mountain Frame - Black, 48",HL Mountain Frame
"HL Mountain Frame - Black, 46",HL Mountain Frame
"HL Mountain Frame - Black, 38",HL Mountain Frame
"HL Mountain Frame - Silver, 38",HL Mountain Frame
"HL Road Frame - Black, 58",HL Road Frame
"HL Road Frame - Red, 58",HL Road Frame
"HL Road Frame - Red, 62",HL Road Frame
"HL Road Frame - Red, 44",HL Road Frame
"HL Road Frame - Red, 48",HL Road Frame
"HL Road Frame - Red, 52",HL Road Frame
"HL Road Frame - Red, 56",HL Road Frame
"HL Road Frame - Black, 62",HL Road Frame
"HL Road Frame - Black, 44",HL Road Frame
"HL Road Frame - Black, 48",HL Road Frame
"HL Road Frame - Black, 52",HL Road Frame
"HL Road Frame - Black, 58",HL Road Frame
"HL Road Frame - Red, 58",HL Road Frame
"HL Road Frame - Red, 62",HL Road Frame
"HL Road Frame - Red, 44",HL Road Frame
"HL Road Frame - Red, 48",HL Road Frame
"HL Road Frame - Red, 52",HL Road Frame
"HL Road Frame - Red, 56",HL Road Frame
"HL Road Frame - Black, 62",HL Road Frame
"HL Road Frame - Black, 44",HL Road Frame
"HL Road Frame - Black, 48",HL Road Frame
"HL Road Frame - Black, 52",HL Road Frame
"HL Road Frame - Black, 58",HL Road Frame
"HL Road Frame - Red, 58",HL Road Frame
"HL Road Frame - Red, 62",HL Road Frame
"HL Road Frame - Red, 44",HL Road Frame
"HL Road Frame - Red, 48",HL Road Frame
"HL Road Frame - Red, 52",HL Road Frame
"HL Road Frame - Red, 56",HL Road Frame
"HL Road Frame - Black, 62",HL Road Frame
"HL Road Frame - Black, 44",HL Road Frame
"HL Road Frame - Black, 48",HL Road Frame
"HL Road Frame - Black, 52",HL Road Frame
"HL Road Frame - Black, 58",HL Road Frame
"HL Road Frame - Red, 58",HL Road Frame
"HL Road Frame - Red, 62",HL Road Frame
"HL Road Frame - Red, 44",HL Road Frame
"HL Road Frame - Red, 48",HL Road Frame
"HL Road Frame - Red, 52",HL Road Frame
"HL Road Frame - Red, 56",HL Road Frame
"HL Road Frame - Black, 62",HL Road Frame
"HL Road Frame - Black, 44",HL Road Frame
"HL Road Frame - Black, 48",HL Road Frame
"HL Road Frame - Black, 52",HL Road Frame
"HL Road Frame - Black, 58",HL Road Frame
"HL Road Frame - Red, 58",HL Road Frame
"HL Road Frame - Red, 62",HL Road Frame
"HL Road Frame - Red, 44",HL Road Frame
"HL Road Frame - Red, 48",HL Road Frame
"HL Road Frame - Red, 52",HL Road Frame
"HL Road Frame - Red, 56",HL Road Frame
"HL Road Frame - Black, 62",HL Road Frame
"HL Road Frame - Black, 44",HL Road Frame
"HL Road Frame - Black, 48",HL Road Frame
"HL Road Frame - Black, 52",HL Road Frame
"HL Road Frame - Black, 58",HL Road Frame
"HL Road Frame - Red, 58",HL Road Frame
"HL Road Frame - Red, 62",HL Road Frame
"HL Road Frame - Red, 44",HL Road Frame
"HL Road Frame - Red, 48",HL Road Frame
"HL Road Frame - Red, 52",HL Road Frame
"HL Road Frame - Red, 56",HL Road Frame
"HL Road Frame - Black, 62",HL Road Frame
"HL Road Frame - Black, 44",HL Road Frame
"HL Road Frame - Black, 48",HL Road Frame
"HL Road Frame - Black, 52",HL Road Frame
"HL Touring Frame - Yellow, 60",HL Touring Frame
"HL Touring Frame - Yellow, 46",HL Touring Frame
"HL Touring Frame - Yellow, 50",HL Touring Frame
"HL Touring Frame - Yellow, 54",HL Touring Frame
"HL Touring Frame - Blue, 46",HL Touring Frame
"HL Touring Frame - Blue, 50",HL Touring Frame
"HL Touring Frame - Blue, 54",HL Touring Frame
"HL Touring Frame - Blue, 60",HL Touring Frame
"HL Touring Frame - Yellow, 60",HL Touring Frame
"HL Touring Frame - Yellow, 46",HL Touring Frame
"HL Touring Frame - Yellow, 50",HL Touring Frame
"HL Touring Frame - Yellow, 54",HL Touring Frame
"HL Touring Frame - Blue, 46",HL Touring Frame
"HL Touring Frame - Blue, 50",HL Touring Frame
"HL Touring Frame - Blue, 54",HL Touring Frame
"HL Touring Frame - Blue, 60",HL Touring Frame
"HL Touring Frame - Yellow, 60",HL Touring Frame
"HL Touring Frame - Yellow, 46",HL Touring Frame
"HL Touring Frame - Yellow, 50",HL Touring Frame
"HL Touring Frame - Yellow, 54",HL Touring Frame
"HL Touring Frame - Blue, 46",HL Touring Frame
"HL Touring Frame - Blue, 50",HL Touring Frame
"HL Touring Frame - Blue, 54",HL Touring Frame
"HL Touring Frame - Blue, 60",HL Touring Frame
"HL Touring Frame - Yellow, 60",HL Touring Frame
"HL Touring Frame - Yellow, 46",HL Touring Frame
"HL Touring Frame - Yellow, 50",HL Touring Frame
"HL Touring Frame - Yellow, 54",HL Touring Frame
"HL Touring Frame - Blue, 46",HL Touring Frame
"HL Touring Frame - Blue, 50",HL Touring Frame
"HL Touring Frame - Blue, 54",HL Touring Frame
"HL Touring Frame - Blue, 60",HL Touring Frame
"HL Touring Frame - Yellow, 60",HL Touring Frame
"HL Touring Frame - Yellow, 46",HL Touring Frame
"HL Touring Frame - Yellow, 50",HL Touring Frame
"HL Touring Frame - Yellow, 54",HL Touring Frame
"HL Touring Frame - Blue, 46",HL Touring Frame
"HL Touring Frame - Blue, 50",HL Touring Frame
"HL Touring Frame - Blue, 54",HL Touring Frame
"HL Touring Frame - Blue, 60",HL Touring Frame
"HL Touring Frame - Yellow, 60",HL Touring Frame
"HL Touring Frame - Yellow, 46",HL Touring Frame
"HL Touring Frame - Yellow, 50",HL Touring Frame
"HL Touring Frame - Yellow, 54",HL Touring Frame
"HL Touring Frame - Blue, 46",HL Touring Frame
"HL Touring Frame - Blue, 50",HL Touring Frame
"HL Touring Frame - Blue, 54",HL Touring Frame
"HL Touring Frame - Blue, 60",HL Touring Frame
"LL Mountain Frame - Silver, 42",LL Mountain Frame
"LL Mountain Frame - Silver, 44",LL Mountain Frame
"LL Mountain Frame - Silver, 48",LL Mountain Frame
"LL Mountain Frame - Silver, 52",LL Mountain Frame
"LL Mountain Frame - Black, 42",LL Mountain Frame
"LL Mountain Frame - Black, 44",LL Mountain Frame
"LL Mountain Frame - Black, 48",LL Mountain Frame
"LL Mountain Frame - Black, 52",LL Mountain Frame
"LL Mountain Frame - Black, 40",LL Mountain Frame
"LL Mountain Frame - Silver, 40",LL Mountain Frame
"LL Mountain Frame - Silver, 42",LL Mountain Frame
"LL Mountain Frame - Silver, 44",LL Mountain Frame
"LL Mountain Frame - Silver, 48",LL Mountain Frame
"LL Mountain Frame - Silver, 52",LL Mountain Frame
"LL Mountain Frame - Black, 42",LL Mountain Frame
"LL Mountain Frame - Black, 44",LL Mountain Frame
"LL Mountain Frame - Black, 48",LL Mountain Frame
"LL Mountain Frame - Black, 52",LL Mountain Frame
"LL Mountain Frame - Black, 40",LL Mountain Frame
"LL Mountain Frame - Silver, 40",LL Mountain Frame
"LL Mountain Frame - Silver, 42",LL Mountain Frame
"LL Mountain Frame - Silver, 44",LL Mountain Frame
"LL Mountain Frame - Silver, 48",LL Mountain Frame
"LL Mountain Frame - Silver, 52",LL Mountain Frame
"LL Mountain Frame - Black, 42",LL Mountain Frame
"LL Mountain Frame - Black, 44",LL Mountain Frame
"LL Mountain Frame - Black, 48",LL Mountain Frame
"LL Mountain Frame - Black, 52",LL Mountain Frame
"LL Mountain Frame - Black, 40",LL Mountain Frame
"LL Mountain Frame - Silver, 40",LL Mountain Frame
"LL Mountain Frame - Silver, 42",LL Mountain Frame
"LL Mountain Frame - Silver, 44",LL Mountain Frame
"LL Mountain Frame - Silver, 48",LL Mountain Frame
"LL Mountain Frame - Silver, 52",LL Mountain Frame
"LL Mountain Frame - Black, 42",LL Mountain Frame
"LL Mountain Frame - Black, 44",LL Mountain Frame
"LL Mountain Frame - Black, 48",LL Mountain Frame
"LL Mountain Frame - Black, 52",LL Mountain Frame
"LL Mountain Frame - Black, 40",LL Mountain Frame
"LL Mountain Frame - Silver, 40",LL Mountain Frame
"LL Mountain Frame - Silver, 42",LL Mountain Frame
"LL Mountain Frame - Silver, 44",LL Mountain Frame
"LL Mountain Frame - Silver, 48",LL Mountain Frame
"LL Mountain Frame - Silver, 52",LL Mountain Frame
"LL Mountain Frame - Black, 42",LL Mountain Frame
"LL Mountain Frame - Black, 44",LL Mountain Frame
"LL Mountain Frame - Black, 48",LL Mountain Frame
"LL Mountain Frame - Black, 52",LL Mountain Frame
"LL Mountain Frame - Black, 40",LL Mountain Frame
"LL Mountain Frame - Silver, 40",LL Mountain Frame
"LL Mountain Frame - Silver, 42",LL Mountain Frame
"LL Mountain Frame - Silver, 44",LL Mountain Frame
"LL Mountain Frame - Silver, 48",LL Mountain Frame
"LL Mountain Frame - Silver, 52",LL Mountain Frame
"LL Mountain Frame - Black, 42",LL Mountain Frame
"LL Mountain Frame - Black, 44",LL Mountain Frame
"LL Mountain Frame - Black, 48",LL Mountain Frame
"LL Mountain Frame - Black, 52",LL Mountain Frame
"LL Mountain Frame - Black, 40",LL Mountain Frame
"LL Mountain Frame - Silver, 40",LL Mountain Frame
"LL Road Frame - Black, 58",LL Road Frame
"LL Road Frame - Black, 60",LL Road Frame
"LL Road Frame - Black, 62",LL Road Frame
"LL Road Frame - Red, 44",LL Road Frame
"LL Road Frame - Red, 48",LL Road Frame
"LL Road Frame - Red, 52",LL Road Frame
"LL Road Frame - Red, 58",LL Road Frame
"LL Road Frame - Red, 60",LL Road Frame
"LL Road Frame - Red, 62",LL Road Frame
"LL Road Frame - Black, 44",LL Road Frame
"LL Road Frame - Black, 48",LL Road Frame
"LL Road Frame - Black, 52",LL Road Frame
"LL Road Frame - Black, 58",LL Road Frame
"LL Road Frame - Black, 60",LL Road Frame
"LL Road Frame - Black, 62",LL Road Frame
"LL Road Frame - Red, 44",LL Road Frame
"LL Road Frame - Red, 48",LL Road Frame
"LL Road Frame - Red, 52",LL Road Frame
"LL Road Frame - Red, 58",LL Road Frame
"LL Road Frame - Red, 60",LL Road Frame
"LL Road Frame - Red, 62",LL Road Frame
"LL Road Frame - Black, 44",LL Road Frame
"LL Road Frame - Black, 48",LL Road Frame
"LL Road Frame - Black, 52",LL Road Frame
"LL Road Frame - Black, 58",LL Road Frame
"LL Road Frame - Black, 60",LL Road Frame
"LL Road Frame - Black, 62",LL Road Frame
"LL Road Frame - Red, 44",LL Road Frame
"LL Road Frame - Red, 48",LL Road Frame
"LL Road Frame - Red, 52",LL Road Frame
"LL Road Frame - Red, 58",LL Road Frame
"LL Road Frame - Red, 60",LL Road Frame
"LL Road Frame - Red, 62",LL Road Frame
"LL Road Frame - Black, 44",LL Road Frame
"LL Road Frame - Black, 48",LL Road Frame
"LL Road Frame - Black, 52",LL Road Frame
"LL Road Frame - Black, 58",LL Road Frame
"LL Road Frame - Black, 60",LL Road Frame
"LL Road Frame - Black, 62",LL Road Frame
"LL Road Frame - Red, 44",LL Road Frame
"LL Road Frame - Red, 48",LL Road Frame
"LL Road Frame - Red, 52",LL Road Frame
"LL Road Frame - Red, 58",LL Road Frame
"LL Road Frame - Red, 60",LL Road Frame
"LL Road Frame - Red, 62",LL Road Frame
"LL Road Frame - Black, 44",LL Road Frame
"LL Road Frame - Black, 48",LL Road Frame
"LL Road Frame - Black, 52",LL Road Frame
"LL Road Frame - Black, 58",LL Road Frame
"LL Road Frame - Black, 60",LL Road Frame
"LL Road Frame - Black, 62",LL Road Frame
"LL Road Frame - Red, 44",LL Road Frame
"LL Road Frame - Red, 48",LL Road Frame
"LL Road Frame - Red, 52",LL Road Frame
"LL Road Frame - Red, 58",LL Road Frame
"LL Road Frame - Red, 60",LL Road Frame
"LL Road Frame - Red, 62",LL Road Frame
"LL Road Frame - Black, 44",LL Road Frame
"LL Road Frame - Black, 48",LL Road Frame
"LL Road Frame - Black, 52",LL Road Frame
"LL Road Frame - Black, 58",LL Road Frame
"LL Road Frame - Black, 60",LL Road Frame
"LL Road Frame - Black, 62",LL Road Frame
"LL Road Frame - Red, 44",LL Road Frame
"LL Road Frame - Red, 48",LL Road Frame
"LL Road Frame - Red, 52",LL Road Frame
"LL Road Frame - Red, 58",LL Road Frame
"LL Road Frame - Red, 60",LL Road Frame
"LL Road Frame - Red, 62",LL Road Frame
"LL Road Frame - Black, 44",LL Road Frame
"LL Road Frame - Black, 48",LL Road Frame
"LL Road Frame - Black, 52",LL Road Frame
"LL Touring Frame - Yellow, 62",LL Touring Frame
"LL Touring Frame - Blue, 50",LL Touring Frame
"LL Touring Frame - Blue, 54",LL Touring Frame
"LL Touring Frame - Blue, 58",LL Touring Frame
"LL Touring Frame - Blue, 62",LL Touring Frame
"LL Touring Frame - Yellow, 44",LL Touring Frame
"LL Touring Frame - Yellow, 50",LL Touring Frame
"LL Touring Frame - Yellow, 54",LL Touring Frame
"LL Touring Frame - Yellow, 58",LL Touring Frame
"LL Touring Frame - Blue, 44",LL Touring Frame
"LL Touring Frame - Yellow, 62",LL Touring Frame
"LL Touring Frame - Blue, 50",LL Touring Frame
"LL Touring Frame - Blue, 54",LL Touring Frame
"LL Touring Frame - Blue, 58",LL Touring Frame
"LL Touring Frame - Blue, 62",LL Touring Frame
"LL Touring Frame - Yellow, 44",LL Touring Frame
"LL Touring Frame - Yellow, 50",LL Touring Frame
"LL Touring Frame - Yellow, 54",LL Touring Frame
"LL Touring Frame - Yellow, 58",LL Touring Frame
"LL Touring Frame - Blue, 44",LL Touring Frame
"LL Touring Frame - Yellow, 62",LL Touring Frame
"LL Touring Frame - Blue, 50",LL Touring Frame
"LL Touring Frame - Blue, 54",LL Touring Frame
"LL Touring Frame - Blue, 58",LL Touring Frame
"LL Touring Frame - Blue, 62",LL Touring Frame
"LL Touring Frame - Yellow, 44",LL Touring Frame
"LL Touring Frame - Yellow, 50",LL Touring Frame
"LL Touring Frame - Yellow, 54",LL Touring Frame
"LL Touring Frame - Yellow, 58",LL Touring Frame
"LL Touring Frame - Blue, 44",LL Touring Frame
"LL Touring Frame - Yellow, 62",LL Touring Frame
"LL Touring Frame - Blue, 50",LL Touring Frame
"LL Touring Frame - Blue, 54",LL Touring Frame
"LL Touring Frame - Blue, 58",LL Touring Frame
"LL Touring Frame - Blue, 62",LL Touring Frame
"LL Touring Frame - Yellow, 44",LL Touring Frame
"LL Touring Frame - Yellow, 50",LL Touring Frame
"LL Touring Frame - Yellow, 54",LL Touring Frame
"LL Touring Frame - Yellow, 58",LL Touring Frame
"LL Touring Frame - Blue, 44",LL Touring Frame
"LL Touring Frame - Yellow, 62",LL Touring Frame
"LL Touring Frame - Blue, 50",LL Touring Frame
"LL Touring Frame - Blue, 54",LL Touring Frame
"LL Touring Frame - Blue, 58",LL Touring Frame
"LL Touring Frame - Blue, 62",LL Touring Frame
"LL Touring Frame - Yellow, 44",LL Touring Frame
"LL Touring Frame - Yellow, 50",LL Touring Frame
"LL Touring Frame - Yellow, 54",LL Touring Frame
"LL Touring Frame - Yellow, 58",LL Touring Frame
"LL Touring Frame - Blue, 44",LL Touring Frame
"LL Touring Frame - Yellow, 62",LL Touring Frame
"LL Touring Frame - Blue, 50",LL Touring Frame
"LL Touring Frame - Blue, 54",LL Touring Frame
"LL Touring Frame - Blue, 58",LL Touring Frame
"LL Touring Frame - Blue, 62",LL Touring Frame
"LL Touring Frame - Yellow, 44",LL Touring Frame
"LL Touring Frame - Yellow, 50",LL Touring Frame
"LL Touring Frame - Yellow, 54",LL Touring Frame
"LL Touring Frame - Yellow, 58",LL Touring Frame
"LL Touring Frame - Blue, 44",LL Touring Frame
"Long-Sleeve Logo Jersey, S",Long-Sleeve Logo Jersey
"Long-Sleeve Logo Jersey, M",Long-Sleeve Logo Jersey
"Long-Sleeve Logo Jersey, L",Long-Sleeve Logo Jersey
"Long-Sleeve Logo Jersey, XL",Long-Sleeve Logo Jersey
"Long-Sleeve Logo Jersey, S",Long-Sleeve Logo Jersey
"Long-Sleeve Logo Jersey, M",Long-Sleeve Logo Jersey
"Long-Sleeve Logo Jersey, L",Long-Sleeve Logo Jersey
"Long-Sleeve Logo Jersey, XL",Long-Sleeve Logo Jersey
"Long-Sleeve Logo Jersey, S",Long-Sleeve Logo Jersey
"Long-Sleeve Logo Jersey, M",Long-Sleeve Logo Jersey
"Long-Sleeve Logo Jersey, L",Long-Sleeve Logo Jersey
"Long-Sleeve Logo Jersey, XL",Long-Sleeve Logo Jersey
"Long-Sleeve Logo Jersey, S",Long-Sleeve Logo Jersey
"Long-Sleeve Logo Jersey, M",Long-Sleeve Logo Jersey
"Long-Sleeve Logo Jersey, L",Long-Sleeve Logo Jersey
"Long-Sleeve Logo Jersey, XL",Long-Sleeve Logo Jersey
"Long-Sleeve Logo Jersey, S",Long-Sleeve Logo Jersey
"Long-Sleeve Logo Jersey, M",Long-Sleeve Logo Jersey
"Long-Sleeve Logo Jersey, L",Long-Sleeve Logo Jersey
"Long-Sleeve Logo Jersey, XL",Long-Sleeve Logo Jersey
"Long-Sleeve Logo Jersey, S",Long-Sleeve Logo Jersey
"Long-Sleeve Logo Jersey, M",Long-Sleeve Logo Jersey
"Long-Sleeve Logo Jersey, L",Long-Sleeve Logo Jersey
"Long-Sleeve Logo Jersey, XL",Long-Sleeve Logo Jersey
"Men's Bib-Shorts, S",Men's Bib-Shorts
"Men's Bib-Shorts, M",Men's Bib-Shorts
"Men's Bib-Shorts, L",Men's Bib-Shorts
"Men's Bib-Shorts, S",Men's Bib-Shorts
"Men's Bib-Shorts, M",Men's Bib-Shorts
"Men's Bib-Shorts, L",Men's Bib-Shorts
"Men's Bib-Shorts, S",Men's Bib-Shorts
"Men's Bib-Shorts, M",Men's Bib-Shorts
"Men's Bib-Shorts, L",Men's Bib-Shorts
"Men's Bib-Shorts, S",Men's Bib-Shorts
"Men's Bib-Shorts, M",Men's Bib-Shorts
"Men's Bib-Shorts, L",Men's Bib-Shorts
"Men's Bib-Shorts, S",Men's Bib-Shorts
"Men's Bib-Shorts, M",Men's Bib-Shorts
"Men's Bib-Shorts, L",Men's Bib-Shorts
"Men's Bib-Shorts, S",Men's Bib-Shorts
"Men's Bib-Shorts, M",Men's Bib-Shorts
"Men's Bib-Shorts, L",Men's Bib-Shorts
"Men's Sports Shorts, S",Men's Sports Shorts
"Men's Sports Shorts, M",Men's Sports Shorts
"Men's Sports Shorts, L",Men's Sports Shorts
"Men's Sports Shorts, XL",Men's Sports Shorts
"Men's Sports Shorts, S",Men's Sports Shorts
"Men's Sports Shorts, M",Men's Sports Shorts
"Men's Sports Shorts, L",Men's Sports Shorts
"Men's Sports Shorts, XL",Men's Sports Shorts
"Men's Sports Shorts, S",Men's Sports Shorts
"Men's Sports Shorts, M",Men's Sports Shorts
"Men's Sports Shorts, L",Men's Sports Shorts
"Men's Sports Shorts, XL",Men's Sports Shorts
"Men's Sports Shorts, S",Men's Sports Shorts
"Men's Sports Shorts, M",Men's Sports Shorts
"Men's Sports Shorts, L",Men's Sports Shorts
"Men's Sports Shorts, XL",Men's Sports Shorts
"Men's Sports Shorts, S",Men's Sports Shorts
"Men's Sports Shorts, M",Men's Sports Shorts
"Men's Sports Shorts, L",Men's Sports Shorts
"Men's Sports Shorts, XL",Men's Sports Shorts
"Men's Sports Shorts, S",Men's Sports Shorts
"Men's Sports Shorts, M",Men's Sports Shorts
"Men's Sports Shorts, L",Men's Sports Shorts
"Men's Sports Shorts, XL",Men's Sports Shorts
"ML Mountain Frame - Black, 40",ML Mountain Frame
"ML Mountain Frame - Black, 44",ML Mountain Frame
"ML Mountain Frame - Black, 48",ML Mountain Frame
"ML Mountain Frame - Black, 40",ML Mountain Frame
"ML Mountain Frame - Black, 44",ML Mountain Frame
"ML Mountain Frame - Black, 48",ML Mountain Frame
"ML Mountain Frame - Black, 40",ML Mountain Frame
"ML Mountain Frame - Black, 44",ML Mountain Frame
"ML Mountain Frame - Black, 48",ML Mountain Frame
"ML Mountain Frame - Black, 40",ML Mountain Frame
"ML Mountain Frame - Black, 44",ML Mountain Frame
"ML Mountain Frame - Black, 48",ML Mountain Frame
"ML Mountain Frame - Black, 40",ML Mountain Frame
"ML Mountain Frame - Black, 44",ML Mountain Frame
"ML Mountain Frame - Black, 48",ML Mountain Frame
"ML Mountain Frame - Black, 40",ML Mountain Frame
"ML Mountain Frame - Black, 44",ML Mountain Frame
"ML Mountain Frame - Black, 48",ML Mountain Frame
"ML Mountain Frame - Black, 38",ML Mountain Frame-W
"ML Mountain Frame-W - Silver, 40",ML Mountain Frame-W
"ML Mountain Frame-W - Silver, 42",ML Mountain Frame-W
"ML Mountain Frame-W - Silver, 46",ML Mountain Frame-W
"ML Mountain Frame-W - Silver, 38",ML Mountain Frame-W
"ML Mountain Frame - Black, 38",ML Mountain Frame-W
"ML Mountain Frame-W - Silver, 40",ML Mountain Frame-W
"ML Mountain Frame-W - Silver, 42",ML Mountain Frame-W
"ML Mountain Frame-W - Silver, 46",ML Mountain Frame-W
"ML Mountain Frame-W - Silver, 38",ML Mountain Frame-W
"ML Mountain Frame - Black, 38",ML Mountain Frame-W
"ML Mountain Frame-W - Silver, 40",ML Mountain Frame-W
"ML Mountain Frame-W - Silver, 42",ML Mountain Frame-W
"ML Mountain Frame-W - Silver, 46",ML Mountain Frame-W
"ML Mountain Frame-W - Silver, 38",ML Mountain Frame-W
"ML Mountain Frame - Black, 38",ML Mountain Frame-W
"ML Mountain Frame-W - Silver, 40",ML Mountain Frame-W
"ML Mountain Frame-W - Silver, 42",ML Mountain Frame-W
"ML Mountain Frame-W - Silver, 46",ML Mountain Frame-W
"ML Mountain Frame-W - Silver, 38",ML Mountain Frame-W
"ML Mountain Frame - Black, 38",ML Mountain Frame-W
"ML Mountain Frame-W - Silver, 40",ML Mountain Frame-W
"ML Mountain Frame-W - Silver, 42",ML Mountain Frame-W
"ML Mountain Frame-W - Silver, 46",ML Mountain Frame-W
"ML Mountain Frame-W - Silver, 38",ML Mountain Frame-W
"ML Mountain Frame - Black, 38",ML Mountain Frame-W
"ML Mountain Frame-W - Silver, 40",ML Mountain Frame-W
"ML Mountain Frame-W - Silver, 42",ML Mountain Frame-W
"ML Mountain Frame-W - Silver, 46",ML Mountain Frame-W
"ML Mountain Frame-W - Silver, 38",ML Mountain Frame-W
"ML Road Frame - Red, 44",ML Road Frame
"ML Road Frame - Red, 48",ML Road Frame
"ML Road Frame - Red, 52",ML Road Frame
"ML Road Frame - Red, 58",ML Road Frame
"ML Road Frame - Red, 60",ML Road Frame
"ML Road Frame - Red, 44",ML Road Frame
"ML Road Frame - Red, 48",ML Road Frame
"ML Road Frame - Red, 52",ML Road Frame
"ML Road Frame - Red, 58",ML Road Frame
"ML Road Frame - Red, 60",ML Road Frame
"ML Road Frame - Red, 44",ML Road Frame
"ML Road Frame - Red, 48",ML Road Frame
"ML Road Frame - Red, 52",ML Road Frame
"ML Road Frame - Red, 58",ML Road Frame
"ML Road Frame - Red, 60",ML Road Frame
"ML Road Frame - Red, 44",ML Road Frame
"ML Road Frame - Red, 48",ML Road Frame
"ML Road Frame - Red, 52",ML Road Frame
"ML Road Frame - Red, 58",ML Road Frame
"ML Road Frame - Red, 60",ML Road Frame
"ML Road Frame - Red, 44",ML Road Frame
"ML Road Frame - Red, 48",ML Road Frame
"ML Road Frame - Red, 52",ML Road Frame
"ML Road Frame - Red, 58",ML Road Frame
"ML Road Frame - Red, 60",ML Road Frame
"ML Road Frame - Red, 44",ML Road Frame
"ML Road Frame - Red, 48",ML Road Frame
"ML Road Frame - Red, 52",ML Road Frame
"ML Road Frame - Red, 58",ML Road Frame
"ML Road Frame - Red, 60",ML Road Frame
"ML Road Frame-W - Yellow, 38",ML Road Frame-W
"ML Road Frame-W - Yellow, 40",ML Road Frame-W
"ML Road Frame-W - Yellow, 42",ML Road Frame-W
"ML Road Frame-W - Yellow, 44",ML Road Frame-W
"ML Road Frame-W - Yellow, 48",ML Road Frame-W
"ML Road Frame-W - Yellow, 38",ML Road Frame-W
"ML Road Frame-W - Yellow, 40",ML Road Frame-W
"ML Road Frame-W - Yellow, 42",ML Road Frame-W
"ML Road Frame-W - Yellow, 44",ML Road Frame-W
"ML Road Frame-W - Yellow, 48",ML Road Frame-W
"ML Road Frame-W - Yellow, 38",ML Road Frame-W
"ML Road Frame-W - Yellow, 40",ML Road Frame-W
"ML Road Frame-W - Yellow, 42",ML Road Frame-W
"ML Road Frame-W - Yellow, 44",ML Road Frame-W
"ML Road Frame-W - Yellow, 48",ML Road Frame-W
"ML Road Frame-W - Yellow, 38",ML Road Frame-W
"ML Road Frame-W - Yellow, 40",ML Road Frame-W
"ML Road Frame-W - Yellow, 42",ML Road Frame-W
"ML Road Frame-W - Yellow, 44",ML Road Frame-W
"ML Road Frame-W - Yellow, 48",ML Road Frame-W
"ML Road Frame-W - Yellow, 38",ML Road Frame-W
"ML Road Frame-W - Yellow, 40",ML Road Frame-W
"ML Road Frame-W - Yellow, 42",ML Road Frame-W
"ML Road Frame-W - Yellow, 44",ML Road Frame-W
"ML Road Frame-W - Yellow, 48",ML Road Frame-W
"ML Road Frame-W - Yellow, 38",ML Road Frame-W
"ML Road Frame-W - Yellow, 40",ML Road Frame-W
"ML Road Frame-W - Yellow, 42",ML Road Frame-W
"ML Road Frame-W - Yellow, 44",ML Road Frame-W
"ML Road Frame-W - Yellow, 48",ML Road Frame-W
"Mountain Bike Socks, M",Mountain Bike Socks
"Mountain Bike Socks, L",Mountain Bike Socks
"Mountain Bike Socks, M",Mountain Bike Socks
"Mountain Bike Socks, L",Mountain Bike Socks
"Mountain Bike Socks, M",Mountain Bike Socks
"Mountain Bike Socks, L",Mountain Bike Socks
"Mountain Bike Socks, M",Mountain Bike Socks
"Mountain Bike Socks, L",Mountain Bike Socks
"Mountain Bike Socks, M",Mountain Bike Socks
"Mountain Bike Socks, L",Mountain Bike Socks
"Mountain Bike Socks, M",Mountain Bike Socks
"Mountain Bike Socks, L",Mountain Bike Socks
"Mountain-100 Silver, 38",Mountain-100
"Mountain-100 Silver, 42",Mountain-100
"Mountain-100 Silver, 44",Mountain-100
"Mountain-100 Silver, 48",Mountain-100
"Mountain-100 Black, 38",Mountain-100
"Mountain-100 Black, 42",Mountain-100
"Mountain-100 Black, 44",Mountain-100
"Mountain-100 Black, 48",Mountain-100
"Mountain-100 Silver, 38",Mountain-100
"Mountain-100 Silver, 42",Mountain-100
"Mountain-100 Silver, 44",Mountain-100
"Mountain-100 Silver, 48",Mountain-100
"Mountain-100 Black, 38",Mountain-100
"Mountain-100 Black, 42",Mountain-100
"Mountain-100 Black, 44",Mountain-100
"Mountain-100 Black, 48",Mountain-100
"Mountain-100 Silver, 38",Mountain-100
"Mountain-100 Silver, 42",Mountain-100
"Mountain-100 Silver, 44",Mountain-100
"Mountain-100 Silver, 48",Mountain-100
"Mountain-100 Black, 38",Mountain-100
"Mountain-100 Black, 42",Mountain-100
"Mountain-100 Black, 44",Mountain-100
"Mountain-100 Black, 48",Mountain-100
"Mountain-100 Silver, 38",Mountain-100
"Mountain-100 Silver, 42",Mountain-100
"Mountain-100 Silver, 44",Mountain-100
"Mountain-100 Silver, 48",Mountain-100
"Mountain-100 Black, 38",Mountain-100
"Mountain-100 Black, 42",Mountain-100
"Mountain-100 Black, 44",Mountain-100
"Mountain-100 Black, 48",Mountain-100
"Mountain-100 Silver, 38",Mountain-100
"Mountain-100 Silver, 42",Mountain-100
"Mountain-100 Silver, 44",Mountain-100
"Mountain-100 Silver, 48",Mountain-100
"Mountain-100 Black, 38",Mountain-100
"Mountain-100 Black, 42",Mountain-100
"Mountain-100 Black, 44",Mountain-100
"Mountain-100 Black, 48",Mountain-100
"Mountain-100 Silver, 38",Mountain-100
"Mountain-100 Silver, 42",Mountain-100
"Mountain-100 Silver, 44",Mountain-100
"Mountain-100 Silver, 48",Mountain-100
"Mountain-100 Black, 38",Mountain-100
"Mountain-100 Black, 42",Mountain-100
"Mountain-100 Black, 44",Mountain-100
"Mountain-100 Black, 48",Mountain-100
"Mountain-200 Silver, 38",Mountain-200
"Mountain-200 Silver, 42",Mountain-200
"Mountain-200 Silver, 46",Mountain-200
"Mountain-200 Black, 38",Mountain-200
"Mountain-200 Black, 42",Mountain-200
"Mountain-200 Black, 46",Mountain-200
"Mountain-200 Silver, 38",Mountain-200
"Mountain-200 Silver, 42",Mountain-200
"Mountain-200 Silver, 46",Mountain-200
"Mountain-200 Black, 38",Mountain-200
"Mountain-200 Black, 42",Mountain-200
"Mountain-200 Black, 46",Mountain-200
"Mountain-200 Silver, 38",Mountain-200
"Mountain-200 Silver, 42",Mountain-200
"Mountain-200 Silver, 46",Mountain-200
"Mountain-200 Black, 38",Mountain-200
"Mountain-200 Black, 42",Mountain-200
"Mountain-200 Black, 46",Mountain-200
"Mountain-200 Silver, 38",Mountain-200
"Mountain-200 Silver, 42",Mountain-200
"Mountain-200 Silver, 46",Mountain-200
"Mountain-200 Black, 38",Mountain-200
"Mountain-200 Black, 42",Mountain-200
"Mountain-200 Black, 46",Mountain-200
"Mountain-200 Silver, 38",Mountain-200
"Mountain-200 Silver, 42",Mountain-200
"Mountain-200 Silver, 46",Mountain-200
"Mountain-200 Black, 38",Mountain-200
"Mountain-200 Black, 42",Mountain-200
"Mountain-200 Black, 46",Mountain-200
"Mountain-200 Silver, 38",Mountain-200
"Mountain-200 Silver, 42",Mountain-200
"Mountain-200 Silver, 46",Mountain-200
"Mountain-200 Black, 38",Mountain-200
"Mountain-200 Black, 42",Mountain-200
"Mountain-200 Black, 46",Mountain-200
"Mountain-300 Black, 38",Mountain-300
"Mountain-300 Black, 40",Mountain-300
"Mountain-300 Black, 44",Mountain-300
"Mountain-300 Black, 48",Mountain-300
"Mountain-300 Black, 38",Mountain-300
"Mountain-300 Black, 40",Mountain-300
"Mountain-300 Black, 44",Mountain-300
"Mountain-300 Black, 48",Mountain-300
"Mountain-300 Black, 38",Mountain-300
"Mountain-300 Black, 40",Mountain-300
"Mountain-300 Black, 44",Mountain-300
"Mountain-300 Black, 48",Mountain-300
"Mountain-300 Black, 38",Mountain-300
"Mountain-300 Black, 40",Mountain-300
"Mountain-300 Black, 44",Mountain-300
"Mountain-300 Black, 48",Mountain-300
"Mountain-300 Black, 38",Mountain-300
"Mountain-300 Black, 40",Mountain-300
"Mountain-300 Black, 44",Mountain-300
"Mountain-300 Black, 48",Mountain-300
"Mountain-300 Black, 38",Mountain-300
"Mountain-300 Black, 40",Mountain-300
"Mountain-300 Black, 44",Mountain-300
"Mountain-300 Black, 48",Mountain-300
"Mountain-400-W Silver, 38",Mountain-400-W
"Mountain-400-W Silver, 40",Mountain-400-W
"Mountain-400-W Silver, 42",Mountain-400-W
"Mountain-400-W Silver, 46",Mountain-400-W
"Mountain-400-W Silver, 38",Mountain-400-W
"Mountain-400-W Silver, 40",Mountain-400-W
"Mountain-400-W Silver, 42",Mountain-400-W
"Mountain-400-W Silver, 46",Mountain-400-W
"Mountain-400-W Silver, 38",Mountain-400-W
"Mountain-400-W Silver, 40",Mountain-400-W
"Mountain-400-W Silver, 42",Mountain-400-W
"Mountain-400-W Silver, 46",Mountain-400-W
"Mountain-400-W Silver, 38",Mountain-400-W
"Mountain-400-W Silver, 40",Mountain-400-W
"Mountain-400-W Silver, 42",Mountain-400-W
"Mountain-400-W Silver, 46",Mountain-400-W
"Mountain-400-W Silver, 38",Mountain-400-W
"Mountain-400-W Silver, 40",Mountain-400-W
"Mountain-400-W Silver, 42",Mountain-400-W
"Mountain-400-W Silver, 46",Mountain-400-W
"Mountain-400-W Silver, 38",Mountain-400-W
"Mountain-400-W Silver, 40",Mountain-400-W
"Mountain-400-W Silver, 42",Mountain-400-W
"Mountain-400-W Silver, 46",Mountain-400-W
"Mountain-500 Silver, 40",Mountain-500
"Mountain-500 Silver, 42",Mountain-500
"Mountain-500 Silver, 44",Mountain-500
"Mountain-500 Silver, 48",Mountain-500
"Mountain-500 Silver, 52",Mountain-500
"Mountain-500 Black, 40",Mountain-500
"Mountain-500 Black, 42",Mountain-500
"Mountain-500 Black, 44",Mountain-500
"Mountain-500 Black, 48",Mountain-500
"Mountain-500 Black, 52",Mountain-500
"Mountain-500 Silver, 40",Mountain-500
"Mountain-500 Silver, 42",Mountain-500
"Mountain-500 Silver, 44",Mountain-500
"Mountain-500 Silver, 48",Mountain-500
"Mountain-500 Silver, 52",Mountain-500
"Mountain-500 Black, 40",Mountain-500
"Mountain-500 Black, 42",Mountain-500
"Mountain-500 Black, 44",Mountain-500
"Mountain-500 Black, 48",Mountain-500
"Mountain-500 Black, 52",Mountain-500
"Mountain-500 Silver, 40",Mountain-500
"Mountain-500 Silver, 42",Mountain-500
"Mountain-500 Silver, 44",Mountain-500
"Mountain-500 Silver, 48",Mountain-500
"Mountain-500 Silver, 52",Mountain-500
"Mountain-500 Black, 40",Mountain-500
"Mountain-500 Black, 42",Mountain-500
"Mountain-500 Black, 44",Mountain-500
"Mountain-500 Black, 48",Mountain-500
"Mountain-500 Black, 52",Mountain-500
"Mountain-500 Silver, 40",Mountain-500
"Mountain-500 Silver, 42",Mountain-500
"Mountain-500 Silver, 44",Mountain-500
"Mountain-500 Silver, 48",Mountain-500
"Mountain-500 Silver, 52",Mountain-500
"Mountain-500 Black, 40",Mountain-500
"Mountain-500 Black, 42",Mountain-500
"Mountain-500 Black, 44",Mountain-500
"Mountain-500 Black, 48",Mountain-500
"Mountain-500 Black, 52",Mountain-500
"Mountain-500 Silver, 40",Mountain-500
"Mountain-500 Silver, 42",Mountain-500
"Mountain-500 Silver, 44",Mountain-500
"Mountain-500 Silver, 48",Mountain-500
"Mountain-500 Silver, 52",Mountain-500
"Mountain-500 Black, 40",Mountain-500
"Mountain-500 Black, 42",Mountain-500
"Mountain-500 Black, 44",Mountain-500
"Mountain-500 Black, 48",Mountain-500
"Mountain-500 Black, 52",Mountain-500
"Mountain-500 Silver, 40",Mountain-500
"Mountain-500 Silver, 42",Mountain-500
"Mountain-500 Silver, 44",Mountain-500
"Mountain-500 Silver, 48",Mountain-500
"Mountain-500 Silver, 52",Mountain-500
"Mountain-500 Black, 40",Mountain-500
"Mountain-500 Black, 42",Mountain-500
"Mountain-500 Black, 44",Mountain-500
"Mountain-500 Black, 48",Mountain-500
"Mountain-500 Black, 52",Mountain-500
"Racing Socks, M",Racing Socks
"Racing Socks, L",Racing Socks
"Racing Socks, M",Racing Socks
"Racing Socks, L",Racing Socks
"Racing Socks, M",Racing Socks
"Racing Socks, L",Racing Socks
"Racing Socks, M",Racing Socks
"Racing Socks, L",Racing Socks
"Racing Socks, M",Racing Socks
"Racing Socks, L",Racing Socks
"Racing Socks, M",Racing Socks
"Racing Socks, L",Racing Socks
"Road-150 Red, 62",Road-150
"Road-150 Red, 44",Road-150
"Road-150 Red, 48",Road-150
"Road-150 Red, 52",Road-150
"Road-150 Red, 56",Road-150
"Road-150 Red, 62",Road-150
"Road-150 Red, 44",Road-150
"Road-150 Red, 48",Road-150
"Road-150 Red, 52",Road-150
"Road-150 Red, 56",Road-150
"Road-150 Red, 62",Road-150
"Road-150 Red, 44",Road-150
"Road-150 Red, 48",Road-150
"Road-150 Red, 52",Road-150
"Road-150 Red, 56",Road-150
"Road-150 Red, 62",Road-150
"Road-150 Red, 44",Road-150
"Road-150 Red, 48",Road-150
"Road-150 Red, 52",Road-150
"Road-150 Red, 56",Road-150
"Road-150 Red, 62",Road-150
"Road-150 Red, 44",Road-150
"Road-150 Red, 48",Road-150
"Road-150 Red, 52",Road-150
"Road-150 Red, 56",Road-150
"Road-150 Red, 62",Road-150
"Road-150 Red, 44",Road-150
"Road-150 Red, 48",Road-150
"Road-150 Red, 52",Road-150
"Road-150 Red, 56",Road-150
"Road-250 Red, 44",Road-250
"Road-250 Red, 48",Road-250
"Road-250 Red, 52",Road-250
"Road-250 Red, 58",Road-250
"Road-250 Black, 44",Road-250
"Road-250 Black, 48",Road-250
"Road-250 Black, 52",Road-250
"Road-250 Black, 58",Road-250
"Road-250 Red, 44",Road-250
"Road-250 Red, 48",Road-250
"Road-250 Red, 52",Road-250
"Road-250 Red, 58",Road-250
"Road-250 Black, 44",Road-250
"Road-250 Black, 48",Road-250
"Road-250 Black, 52",Road-250
"Road-250 Black, 58",Road-250
"Road-250 Red, 44",Road-250
"Road-250 Red, 48",Road-250
"Road-250 Red, 52",Road-250
"Road-250 Red, 58",Road-250
"Road-250 Black, 44",Road-250
"Road-250 Black, 48",Road-250
"Road-250 Black, 52",Road-250
"Road-250 Black, 58",Road-250
"Road-250 Red, 44",Road-250
"Road-250 Red, 48",Road-250
"Road-250 Red, 52",Road-250
"Road-250 Red, 58",Road-250
"Road-250 Black, 44",Road-250
"Road-250 Black, 48",Road-250
"Road-250 Black, 52",Road-250
"Road-250 Black, 58",Road-250
"Road-250 Red, 44",Road-250
"Road-250 Red, 48",Road-250
"Road-250 Red, 52",Road-250
"Road-250 Red, 58",Road-250
"Road-250 Black, 44",Road-250
"Road-250 Black, 48",Road-250
"Road-250 Black, 52",Road-250
"Road-250 Black, 58",Road-250
"Road-250 Red, 44",Road-250
"Road-250 Red, 48",Road-250
"Road-250 Red, 52",Road-250
"Road-250 Red, 58",Road-250
"Road-250 Black, 44",Road-250
"Road-250 Black, 48",Road-250
"Road-250 Black, 52",Road-250
"Road-250 Black, 58",Road-250
"Road-350-W Yellow, 40",Road-350-W
"Road-350-W Yellow, 42",Road-350-W
"Road-350-W Yellow, 44",Road-350-W
"Road-350-W Yellow, 48",Road-350-W
"Road-350-W Yellow, 40",Road-350-W
"Road-350-W Yellow, 42",Road-350-W
"Road-350-W Yellow, 44",Road-350-W
"Road-350-W Yellow, 48",Road-350-W
"Road-350-W Yellow, 40",Road-350-W
"Road-350-W Yellow, 42",Road-350-W
"Road-350-W Yellow, 44",Road-350-W
"Road-350-W Yellow, 48",Road-350-W
"Road-350-W Yellow, 40",Road-350-W
"Road-350-W Yellow, 42",Road-350-W
"Road-350-W Yellow, 44",Road-350-W
"Road-350-W Yellow, 48",Road-350-W
"Road-350-W Yellow, 40",Road-350-W
"Road-350-W Yellow, 42",Road-350-W
"Road-350-W Yellow, 44",Road-350-W
"Road-350-W Yellow, 48",Road-350-W
"Road-350-W Yellow, 40",Road-350-W
"Road-350-W Yellow, 42",Road-350-W
"Road-350-W Yellow, 44",Road-350-W
"Road-350-W Yellow, 48",Road-350-W
"Road-450 Red, 58",Road-450
"Road-450 Red, 60",Road-450
"Road-450 Red, 44",Road-450
"Road-450 Red, 48",Road-450
"Road-450 Red, 52",Road-450
"Road-450 Red, 58",Road-450
"Road-450 Red, 60",Road-450
"Road-450 Red, 44",Road-450
"Road-450 Red, 48",Road-450
"Road-450 Red, 52",Road-450
"Road-450 Red, 58",Road-450
"Road-450 Red, 60",Road-450
"Road-450 Red, 44",Road-450
"Road-450 Red, 48",Road-450
"Road-450 Red, 52",Road-450
"Road-450 Red, 58",Road-450
"Road-450 Red, 60",Road-450
"Road-450 Red, 44",Road-450
"Road-450 Red, 48",Road-450
"Road-450 Red, 52",Road-450
"Road-450 Red, 58",Road-450
"Road-450 Red, 60",Road-450
"Road-450 Red, 44",Road-450
"Road-450 Red, 48",Road-450
"Road-450 Red, 52",Road-450
"Road-450 Red, 58",Road-450
"Road-450 Red, 60",Road-450
"Road-450 Red, 44",Road-450
"Road-450 Red, 48",Road-450
"Road-450 Red, 52",Road-450
"Road-550-W Yellow, 38",Road-550-W
"Road-550-W Yellow, 40",Road-550-W
"Road-550-W Yellow, 42",Road-550-W
"Road-550-W Yellow, 44",Road-550-W
"Road-550-W Yellow, 48",Road-550-W
"Road-550-W Yellow, 38",Road-550-W
"Road-550-W Yellow, 40",Road-550-W
"Road-550-W Yellow, 42",Road-550-W
"Road-550-W Yellow, 44",Road-550-W
"Road-550-W Yellow, 48",Road-550-W
"Road-550-W Yellow, 38",Road-550-W
"Road-550-W Yellow, 40",Road-550-W
"Road-550-W Yellow, 42",Road-550-W
"Road-550-W Yellow, 44",Road-550-W
"Road-550-W Yellow, 48",Road-550-W
"Road-550-W Yellow, 38",Road-550-W
"Road-550-W Yellow, 40",Road-550-W
"Road-550-W Yellow, 42",Road-550-W
"Road-550-W Yellow, 44",Road-550-W
"Road-550-W Yellow, 48",Road-550-W
"Road-550-W Yellow, 38",Road-550-W
"Road-550-W Yellow, 40",Road-550-W
"Road-550-W Yellow, 42",Road-550-W
"Road-550-W Yellow, 44",Road-550-W
"Road-550-W Yellow, 48",Road-550-W
"Road-550-W Yellow, 38",Road-550-W
"Road-550-W Yellow, 40",Road-550-W
"Road-550-W Yellow, 42",Road-550-W
"Road-550-W Yellow, 44",Road-550-W
"Road-550-W Yellow, 48",Road-550-W
"Road-650 Red, 58",Road-650
"Road-650 Red, 60",Road-650
"Road-650 Red, 62",Road-650
"Road-650 Red, 44",Road-650
"Road-650 Black, 48",Road-650
"Road-650 Black, 52",Road-650
"Road-650 Red, 48",Road-650
"Road-650 Red, 52",Road-650
"Road-650 Black, 58",Road-650
"Road-650 Black, 60",Road-650
"Road-650 Black, 62",Road-650
"Road-650 Black, 44",Road-650
"Road-650 Red, 58",Road-650
"Road-650 Red, 60",Road-650
"Road-650 Red, 62",Road-650
"Road-650 Red, 44",Road-650
"Road-650 Black, 48",Road-650
"Road-650 Black, 52",Road-650
"Road-650 Red, 48",Road-650
"Road-650 Red, 52",Road-650
"Road-650 Black, 58",Road-650
"Road-650 Black, 60",Road-650
"Road-650 Black, 62",Road-650
"Road-650 Black, 44",Road-650
"Road-650 Red, 58",Road-650
"Road-650 Red, 60",Road-650
"Road-650 Red, 62",Road-650
"Road-650 Red, 44",Road-650
"Road-650 Black, 48",Road-650
"Road-650 Black, 52",Road-650
"Road-650 Red, 48",Road-650
"Road-650 Red, 52",Road-650
"Road-650 Black, 58",Road-650
"Road-650 Black, 60",Road-650
"Road-650 Black, 62",Road-650
"Road-650 Black, 44",Road-650
"Road-650 Red, 58",Road-650
"Road-650 Red, 60",Road-650
"Road-650 Red, 62",Road-650
"Road-650 Red, 44",Road-650
"Road-650 Black, 48",Road-650
"Road-650 Black, 52",Road-650
"Road-650 Red, 48",Road-650
"Road-650 Red, 52",Road-650
"Road-650 Black, 58",Road-650
"Road-650 Black, 60",Road-650
"Road-650 Black, 62",Road-650
"Road-650 Black, 44",Road-650
"Road-650 Red, 58",Road-650
"Road-650 Red, 60",Road-650
"Road-650 Red, 62",Road-650
"Road-650 Red, 44",Road-650
"Road-650 Black, 48",Road-650
"Road-650 Black, 52",Road-650
"Road-650 Red, 48",Road-650
"Road-650 Red, 52",Road-650
"Road-650 Black, 58",Road-650
"Road-650 Black, 60",Road-650
"Road-650 Black, 62",Road-650
"Road-650 Black, 44",Road-650
"Road-650 Red, 58",Road-650
"Road-650 Red, 60",Road-650
"Road-650 Red, 62",Road-650
"Road-650 Red, 44",Road-650
"Road-650 Black, 48",Road-650
"Road-650 Black, 52",Road-650
"Road-650 Red, 48",Road-650
"Road-650 Red, 52",Road-650
"Road-650 Black, 58",Road-650
"Road-650 Black, 60",Road-650
"Road-650 Black, 62",Road-650
"Road-650 Black, 44",Road-650
"Road-750 Black, 58",Road-750
"Road-750 Black, 44",Road-750
"Road-750 Black, 48",Road-750
"Road-750 Black, 52",Road-750
"Road-750 Black, 58",Road-750
"Road-750 Black, 44",Road-750
"Road-750 Black, 48",Road-750
"Road-750 Black, 52",Road-750
"Road-750 Black, 58",Road-750
"Road-750 Black, 44",Road-750
"Road-750 Black, 48",Road-750
"Road-750 Black, 52",Road-750
"Road-750 Black, 58",Road-750
"Road-750 Black, 44",Road-750
"Road-750 Black, 48",Road-750
"Road-750 Black, 52",Road-750
"Road-750 Black, 58",Road-750
"Road-750 Black, 44",Road-750
"Road-750 Black, 48",Road-750
"Road-750 Black, 52",Road-750
"Road-750 Black, 58",Road-750
"Road-750 Black, 44",Road-750
"Road-750 Black, 48",Road-750
"Road-750 Black, 52",Road-750
"Short-Sleeve Classic Jersey, S",Short-Sleeve Classic Jersey
"Short-Sleeve Classic Jersey, M",Short-Sleeve Classic Jersey
"Short-Sleeve Classic Jersey, L",Short-Sleeve Classic Jersey
"Short-Sleeve Classic Jersey, XL",Short-Sleeve Classic Jersey
"Short-Sleeve Classic Jersey, S",Short-Sleeve Classic Jersey
"Short-Sleeve Classic Jersey, M",Short-Sleeve Classic Jersey
"Short-Sleeve Classic Jersey, L",Short-Sleeve Classic Jersey
"Short-Sleeve Classic Jersey, XL",Short-Sleeve Classic Jersey
"Short-Sleeve Classic Jersey, S",Short-Sleeve Classic Jersey
"Short-Sleeve Classic Jersey, M",Short-Sleeve Classic Jersey
"Short-Sleeve Classic Jersey, L",Short-Sleeve Classic Jersey
"Short-Sleeve Classic Jersey, XL",Short-Sleeve Classic Jersey
"Short-Sleeve Classic Jersey, S",Short-Sleeve Classic Jersey
"Short-Sleeve Classic Jersey, M",Short-Sleeve Classic Jersey
"Short-Sleeve Classic Jersey, L",Short-Sleeve Classic Jersey
"Short-Sleeve Classic Jersey, XL",Short-Sleeve Classic Jersey
"Short-Sleeve Classic Jersey, S",Short-Sleeve Classic Jersey
"Short-Sleeve Classic Jersey, M",Short-Sleeve Classic Jersey
"Short-Sleeve Classic Jersey, L",Short-Sleeve Classic Jersey
"Short-Sleeve Classic Jersey, XL",Short-Sleeve Classic Jersey
"Short-Sleeve Classic Jersey, S",Short-Sleeve Classic Jersey
"Short-Sleeve Classic Jersey, M",Short-Sleeve Classic Jersey
"Short-Sleeve Classic Jersey, L",Short-Sleeve Classic Jersey
"Short-Sleeve Classic Jersey, XL",Short-Sleeve Classic Jersey
"Sport-100 Helmet, Red",Sport-100
"Sport-100 Helmet, Black",Sport-100
"Sport-100 Helmet, Blue",Sport-100
"Sport-100 Helmet, Red",Sport-100
"Sport-100 Helmet, Black",Sport-100
"Sport-100 Helmet, Blue",Sport-100
"Sport-100 Helmet, Red",Sport-100
"Sport-100 Helmet, Black",Sport-100
"Sport-100 Helmet, Blue",Sport-100
"Sport-100 Helmet, Red",Sport-100
"Sport-100 Helmet, Black",Sport-100
"Sport-100 Helmet, Blue",Sport-100
"Sport-100 Helmet, Red",Sport-100
"Sport-100 Helmet, Black",Sport-100
"Sport-100 Helmet, Blue",Sport-100
"Sport-100 Helmet, Red",Sport-100
"Sport-100 Helmet, Black",Sport-100
"Sport-100 Helmet, Blue",Sport-100
"Touring-1000 Yellow, 46",Touring-1000
"Touring-1000 Yellow, 50",Touring-1000
"Touring-1000 Yellow, 54",Touring-1000
"Touring-1000 Yellow, 60",Touring-1000
"Touring-1000 Blue, 46",Touring-1000
"Touring-1000 Blue, 50",Touring-1000
"Touring-1000 Blue, 54",Touring-1000
"Touring-1000 Blue, 60",Touring-1000
"Touring-1000 Yellow, 46",Touring-1000
"Touring-1000 Yellow, 50",Touring-1000
"Touring-1000 Yellow, 54",Touring-1000
"Touring-1000 Yellow, 60",Touring-1000
"Touring-1000 Blue, 46",Touring-1000
"Touring-1000 Blue, 50",Touring-1000
"Touring-1000 Blue, 54",Touring-1000
"Touring-1000 Blue, 60",Touring-1000
"Touring-1000 Yellow, 46",Touring-1000
"Touring-1000 Yellow, 50",Touring-1000
"Touring-1000 Yellow, 54",Touring-1000
"Touring-1000 Yellow, 60",Touring-1000
"Touring-1000 Blue, 46",Touring-1000
"Touring-1000 Blue, 50",Touring-1000
"Touring-1000 Blue, 54",Touring-1000
"Touring-1000 Blue, 60",Touring-1000
"Touring-1000 Yellow, 46",Touring-1000
"Touring-1000 Yellow, 50",Touring-1000
"Touring-1000 Yellow, 54",Touring-1000
"Touring-1000 Yellow, 60",Touring-1000
"Touring-1000 Blue, 46",Touring-1000
"Touring-1000 Blue, 50",Touring-1000
"Touring-1000 Blue, 54",Touring-1000
"Touring-1000 Blue, 60",Touring-1000
"Touring-1000 Yellow, 46",Touring-1000
"Touring-1000 Yellow, 50",Touring-1000
"Touring-1000 Yellow, 54",Touring-1000
"Touring-1000 Yellow, 60",Touring-1000
"Touring-1000 Blue, 46",Touring-1000
"Touring-1000 Blue, 50",Touring-1000
"Touring-1000 Blue, 54",Touring-1000
"Touring-1000 Blue, 60",Touring-1000
"Touring-1000 Yellow, 46",Touring-1000
"Touring-1000 Yellow, 50",Touring-1000
"Touring-1000 Yellow, 54",Touring-1000
"Touring-1000 Yellow, 60",Touring-1000
"Touring-1000 Blue, 46",Touring-1000
"Touring-1000 Blue, 50",Touring-1000
"Touring-1000 Blue, 54",Touring-1000
"Touring-1000 Blue, 60",Touring-1000
"Touring-2000 Blue, 60",Touring-2000
"Touring-2000 Blue, 46",Touring-2000
"Touring-2000 Blue, 50",Touring-2000
"Touring-2000 Blue, 54",Touring-2000
"Touring-2000 Blue, 60",Touring-2000
"Touring-2000 Blue, 46",Touring-2000
"Touring-2000 Blue, 50",Touring-2000
"Touring-2000 Blue, 54",Touring-2000
"Touring-2000 Blue, 60",Touring-2000
"Touring-2000 Blue, 46",Touring-2000
"Touring-2000 Blue, 50",Touring-2000
"Touring-2000 Blue, 54",Touring-2000
"Touring-2000 Blue, 60",Touring-2000
"Touring-2000 Blue, 46",Touring-2000
"Touring-2000 Blue, 50",Touring-2000
"Touring-2000 Blue, 54",Touring-2000
"Touring-2000 Blue, 60",Touring-2000
"Touring-2000 Blue, 46",Touring-2000
"Touring-2000 Blue, 50",Touring-2000
"Touring-2000 Blue, 54",Touring-2000
"Touring-2000 Blue, 60",Touring-2000
"Touring-2000 Blue, 46",Touring-2000
"Touring-2000 Blue, 50",Touring-2000
"Touring-2000 Blue, 54",Touring-2000
"Touring-3000 Blue, 54",Touring-3000
"Touring-3000 Blue, 58",Touring-3000
"Touring-3000 Blue, 62",Touring-3000
"Touring-3000 Yellow, 44",Touring-3000
"Touring-3000 Yellow, 50",Touring-3000
"Touring-3000 Yellow, 54",Touring-3000
"Touring-3000 Yellow, 58",Touring-3000
"Touring-3000 Yellow, 62",Touring-3000
"Touring-3000 Blue, 44",Touring-3000
"Touring-3000 Blue, 50",Touring-3000
"Touring-3000 Blue, 54",Touring-3000
"Touring-3000 Blue, 58",Touring-3000
"Touring-3000 Blue, 62",Touring-3000
"Touring-3000 Yellow, 44",Touring-3000
"Touring-3000 Yellow, 50",Touring-3000
"Touring-3000 Yellow, 54",Touring-3000
"Touring-3000 Yellow, 58",Touring-3000
"Touring-3000 Yellow, 62",Touring-3000
"Touring-3000 Blue, 44",Touring-3000
"Touring-3000 Blue, 50",Touring-3000
"Touring-3000 Blue, 54",Touring-3000
"Touring-3000 Blue, 58",Touring-3000
"Touring-3000 Blue, 62",Touring-3000
"Touring-3000 Yellow, 44",Touring-3000
"Touring-3000 Yellow, 50",Touring-3000
"Touring-3000 Yellow, 54",Touring-3000
"Touring-3000 Yellow, 58",Touring-3000
"Touring-3000 Yellow, 62",Touring-3000
"Touring-3000 Blue, 44",Touring-3000
"Touring-3000 Blue, 50",Touring-3000
"Touring-3000 Blue, 54",Touring-3000
"Touring-3000 Blue, 58",Touring-3000
"Touring-3000 Blue, 62",Touring-3000
"Touring-3000 Yellow, 44",Touring-3000
"Touring-3000 Yellow, 50",Touring-3000
"Touring-3000 Yellow, 54",Touring-3000
"Touring-3000 Yellow, 58",Touring-3000
"Touring-3000 Yellow, 62",Touring-3000
"Touring-3000 Blue, 44",Touring-3000
"Touring-3000 Blue, 50",Touring-3000
"Touring-3000 Blue, 54",Touring-3000
"Touring-3000 Blue, 58",Touring-3000
"Touring-3000 Blue, 62",Touring-3000
"Touring-3000 Yellow, 44",Touring-3000
"Touring-3000 Yellow, 50",Touring-3000
"Touring-3000 Yellow, 54",Touring-3000
"Touring-3000 Yellow, 58",Touring-3000
"Touring-3000 Yellow, 62",Touring-3000
"Touring-3000 Blue, 44",Touring-3000
"Touring-3000 Blue, 50",Touring-3000
"Touring-3000 Blue, 54",Touring-3000
"Touring-3000 Blue, 58",Touring-3000
"Touring-3000 Blue, 62",Touring-3000
"Touring-3000 Yellow, 44",Touring-3000
"Touring-3000 Yellow, 50",Touring-3000
"Touring-3000 Yellow, 54",Touring-3000
"Touring-3000 Yellow, 58",Touring-3000
"Touring-3000 Yellow, 62",Touring-3000
"Touring-3000 Blue, 44",Touring-3000
"Touring-3000 Blue, 50",Touring-3000
"Women's Mountain Shorts, S",Women's Mountain Shorts
"Women's Mountain Shorts, M",Women's Mountain Shorts
"Women's Mountain Shorts, L",Women's Mountain Shorts
"Women's Mountain Shorts, S",Women's Mountain Shorts
"Women's Mountain Shorts, M",Women's Mountain Shorts
"Women's Mountain Shorts, L",Women's Mountain Shorts
"Women's Mountain Shorts, S",Women's Mountain Shorts
"Women's Mountain Shorts, M",Women's Mountain Shorts
"Women's Mountain Shorts, L",Women's Mountain Shorts
"Women's Mountain Shorts, S",Women's Mountain Shorts
"Women's Mountain Shorts, M",Women's Mountain Shorts
"Women's Mountain Shorts, L",Women's Mountain Shorts
"Women's Mountain Shorts, S",Women's Mountain Shorts
"Women's Mountain Shorts, M",Women's Mountain Shorts
"Women's Mountain Shorts, L",Women's Mountain Shorts
"Women's Mountain Shorts, S",Women's Mountain Shorts
"Women's Mountain Shorts, M",Women's Mountain Shorts
"Women's Mountain Shorts, L",Women's Mountain Shorts
"Women's Tights, S",Women's Tights
"Women's Tights, M",Women's Tights
"Women's Tights, L",Women's Tights
"Women's Tights, S",Women's Tights
"Women's Tights, M",Women's Tights
"Women's Tights, L",Women's Tights
"Women's Tights, S",Women's Tights
"Women's Tights, M",Women's Tights
"Women's Tights, L",Women's Tights
"Women's Tights, S",Women's Tights
"Women's Tights, M",Women's Tights
"Women's Tights, L",Women's Tights
"Women's Tights, S",Women's Tights
"Women's Tights, M",Women's Tights
"Women's Tights, L",Women's Tights
"Women's Tights, S",Women's Tights
"Women's Tights, M",Women's Tights
"Women's Tights, L",Women's Tights
LL Mountain Front Wheel,LL Mountain Front Wheel
LL Mountain Front Wheel,LL Mountain Front Wheel
LL Mountain Front Wheel,LL Mountain Front Wheel
LL Mountain Front Wheel,LL Mountain Front Wheel
LL Mountain Front Wheel,LL Mountain Front Wheel
LL Mountain Front Wheel,LL Mountain Front Wheel
Touring Rear Wheel,Touring Rear Wheel
Touring Rear Wheel,Touring Rear Wheel
Touring Rear Wheel,Touring Rear Wheel
Touring Rear Wheel,Touring Rear Wheel
Touring Rear Wheel,Touring Rear Wheel
Touring Rear Wheel,Touring Rear Wheel
Touring Front Wheel,Touring Front Wheel
Touring Front Wheel,Touring Front Wheel
Touring Front Wheel,Touring Front Wheel
Touring Front Wheel,Touring Front Wheel
Touring Front Wheel,Touring Front Wheel
Touring Front Wheel,Touring Front Wheel
ML Mountain Front Wheel,ML Mountain Front Wheel
ML Mountain Front Wheel,ML Mountain Front Wheel
ML Mountain Front Wheel,ML Mountain Front Wheel
ML Mountain Front Wheel,ML Mountain Front Wheel
ML Mountain Front Wheel,ML Mountain Front Wheel
ML Mountain Front Wheel,ML Mountain Front Wheel
HL Mountain Front Wheel,HL Mountain Front Wheel
HL Mountain Front Wheel,HL Mountain Front Wheel
HL Mountain Front Wheel,HL Mountain Front Wheel
HL Mountain Front Wheel,HL Mountain Front Wheel
HL Mountain Front Wheel,HL Mountain Front Wheel
HL Mountain Front Wheel,HL Mountain Front Wheel
LL Touring Handlebars,LL Touring Handlebars
LL Touring Handlebars,LL Touring Handlebars
LL Touring Handlebars,LL Touring Handlebars
LL Touring Handlebars,LL Touring Handlebars
LL Touring Handlebars,LL Touring Handlebars
LL Touring Handlebars,LL Touring Handlebars
HL Touring Handlebars,HL Touring Handlebars
HL Touring Handlebars,HL Touring Handlebars
HL Touring Handlebars,HL Touring Handlebars
HL Touring Handlebars,HL Touring Handlebars
HL Touring Handlebars,HL Touring Handlebars
HL Touring Handlebars,HL Touring Handlebars
LL Road Front Wheel,LL Road Front Wheel
LL Road Front Wheel,LL Road Front Wheel
LL Road Front Wheel,LL Road Front Wheel
LL Road Front Wheel,LL Road Front Wheel
LL Road Front Wheel,LL Road Front Wheel
LL Road Front Wheel,LL Road Front Wheel
ML Road Front Wheel,ML Road Front Wheel
ML Road Front Wheel,ML Road Front Wheel
ML Road Front Wheel,ML Road Front Wheel
ML Road Front Wheel,ML Road Front Wheel
ML Road Front Wheel,ML Road Front Wheel
ML Road Front Wheel,ML Road Front Wheel
HL Road Front Wheel,HL Road Front Wheel
HL Road Front Wheel,HL Road Front Wheel
HL Road Front Wheel,HL Road Front Wheel
HL Road Front Wheel,HL Road Front Wheel
HL Road Front Wheel,HL Road Front Wheel
HL Road Front Wheel,HL Road Front Wheel
LL Mountain Handlebars,LL Mountain Handlebars
LL Mountain Handlebars,LL Mountain Handlebars
LL Mountain Handlebars,LL Mountain Handlebars
LL Mountain Handlebars,LL Mountain Handlebars
LL Mountain Handlebars,LL Mountain Handlebars
LL Mountain Handlebars,LL Mountain Handlebars
Touring Pedal,Touring Pedal
Touring Pedal,Touring Pedal
Touring Pedal,Touring Pedal
Touring Pedal,Touring Pedal
Touring Pedal,Touring Pedal
Touring Pedal,Touring Pedal
ML Mountain Handlebars,ML Mountain Handlebars
ML Mountain Handlebars,ML Mountain Handlebars
ML Mountain Handlebars,ML Mountain Handlebars
ML Mountain Handlebars,ML Mountain Handlebars
ML Mountain Handlebars,ML Mountain Handlebars
ML Mountain Handlebars,ML Mountain Handlebars
HL Mountain Handlebars,HL Mountain Handlebars
HL Mountain Handlebars,HL Mountain Handlebars
HL Mountain Handlebars,HL Mountain Handlebars
HL Mountain Handlebars,HL Mountain Handlebars
HL Mountain Handlebars,HL Mountain Handlebars
HL Mountain Handlebars,HL Mountain Handlebars
LL Road Handlebars,LL Road Handlebars
LL Road Handlebars,LL Road Handlebars
LL Road Handlebars,LL Road Handlebars
LL Road Handlebars,LL Road Handlebars
LL Road Handlebars,LL Road Handlebars
LL Road Handlebars,LL Road Handlebars
ML Road Handlebars,ML Road Handlebars
ML Road Handlebars,ML Road Handlebars
ML Road Handlebars,ML Road Handlebars
ML Road Handlebars,ML Road Handlebars
ML Road Handlebars,ML Road Handlebars
ML Road Handlebars,ML Road Handlebars
HL Road Handlebars,HL Road Handlebars
HL Road Handlebars,HL Road Handlebars
HL Road Handlebars,HL Road Handlebars
HL Road Handlebars,HL Road Handlebars
HL Road Handlebars,HL Road Handlebars
HL Road Handlebars,HL Road Handlebars
LL Headset,LL Headset
LL Headset,LL Headset
LL Headset,LL Headset
LL Headset,LL Headset
LL Headset,LL Headset
LL Headset,LL Headset
ML Headset,ML Headset
ML Headset,ML Headset
ML Headset,ML Headset
ML Headset,ML Headset
ML Headset,ML Headset
ML Headset,ML Headset
HL Headset,HL Headset
HL Headset,HL Headset
HL Headset,HL Headset
HL Headset,HL Headset
HL Headset,HL Headset
HL Headset,HL Headset
LL Mountain Pedal,LL Mountain Pedal
LL Mountain Pedal,LL Mountain Pedal
LL Mountain Pedal,LL Mountain Pedal
LL Mountain Pedal,LL Mountain Pedal
LL Mountain Pedal,LL Mountain Pedal
LL Mountain Pedal,LL Mountain Pedal
ML Mountain Pedal,ML Mountain Pedal
ML Mountain Pedal,ML Mountain Pedal
ML Mountain Pedal,ML Mountain Pedal
ML Mountain Pedal,ML Mountain Pedal
ML Mountain Pedal,ML Mountain Pedal
ML Mountain Pedal,ML Mountain Pedal
HL Mountain Pedal,HL Mountain Pedal
HL Mountain Pedal,HL Mountain Pedal
HL Mountain Pedal,HL Mountain Pedal
HL Mountain Pedal,HL Mountain Pedal
HL Mountain Pedal,HL Mountain Pedal
HL Mountain Pedal,HL Mountain Pedal
ML Touring Seat/Saddle,ML Touring Seat/Saddle
ML Touring Seat/Saddle,ML Touring Seat/Saddle
ML Touring Seat/Saddle,ML Touring Seat/Saddle
ML Touring Seat/Saddle,ML Touring Seat/Saddle
ML Touring Seat/Saddle,ML Touring Seat/Saddle
ML Touring Seat/Saddle,ML Touring Seat/Saddle
LL Touring Seat/Saddle,LL Touring Seat/Saddle
LL Touring Seat/Saddle,LL Touring Seat/Saddle
LL Touring Seat/Saddle,LL Touring Seat/Saddle
LL Touring Seat/Saddle,LL Touring Seat/Saddle
LL Touring Seat/Saddle,LL Touring Seat/Saddle
LL Touring Seat/Saddle,LL Touring Seat/Saddle
HL Touring Seat/Saddle,HL Touring Seat/Saddle
HL Touring Seat/Saddle,HL Touring Seat/Saddle
HL Touring Seat/Saddle,HL Touring Seat/Saddle
HL Touring Seat/Saddle,HL Touring Seat/Saddle
HL Touring Seat/Saddle,HL Touring Seat/Saddle
HL Touring Seat/Saddle,HL Touring Seat/Saddle
LL Road Pedal,LL Road Pedal
LL Road Pedal,LL Road Pedal
LL Road Pedal,LL Road Pedal
LL Road Pedal,LL Road Pedal
LL Road Pedal,LL Road Pedal
LL Road Pedal,LL Road Pedal
ML Road Pedal,ML Road Pedal
ML Road Pedal,ML Road Pedal
ML Road Pedal,ML Road Pedal
ML Road Pedal,ML Road Pedal
ML Road Pedal,ML Road Pedal
ML Road Pedal,ML Road Pedal
HL Road Pedal,HL Road Pedal
HL Road Pedal,HL Road Pedal
HL Road Pedal,HL Road Pedal
HL Road Pedal,HL Road Pedal
HL Road Pedal,HL Road Pedal
HL Road Pedal,HL Road Pedal
ML Road Rear Wheel,ML Road Rear Wheel
ML Road Rear Wheel,ML Road Rear Wheel
ML Road Rear Wheel,ML Road Rear Wheel
ML Road Rear Wheel,ML Road Rear Wheel
ML Road Rear Wheel,ML Road Rear Wheel
ML Road Rear Wheel,ML Road Rear Wheel
HL Road Rear Wheel,HL Road Rear Wheel
HL Road Rear Wheel,HL Road Rear Wheel
HL Road Rear Wheel,HL Road Rear Wheel
HL Road Rear Wheel,HL Road Rear Wheel
HL Road Rear Wheel,HL Road Rear Wheel
HL Road Rear Wheel,HL Road Rear Wheel
LL Mountain Seat/Saddle,LL Mountain Seat/Saddle 2
LL Mountain Seat/Saddle,LL Mountain Seat/Saddle 2
LL Mountain Seat/Saddle,LL Mountain Seat/Saddle 2
LL Mountain Seat/Saddle,LL Mountain Seat/Saddle 2
LL Mountain Seat/Saddle,LL Mountain Seat/Saddle 2
LL Mountain Seat/Saddle,LL Mountain Seat/Saddle 2
ML Mountain Seat/Saddle,ML Mountain Seat/Saddle 2
ML Mountain Seat/Saddle,ML Mountain Seat/Saddle 2
ML Mountain Seat/Saddle,ML Mountain Seat/Saddle 2
ML Mountain Seat/Saddle,ML Mountain Seat/Saddle 2
ML Mountain Seat/Saddle,ML Mountain Seat/Saddle 2
ML Mountain Seat/Saddle,ML Mountain Seat/Saddle 2
HL Mountain Seat/Saddle,HL Mountain Seat/Saddle 2
HL Mountain Seat/Saddle,HL Mountain Seat/Saddle 2
HL Mountain Seat/Saddle,HL Mountain Seat/Saddle 2
HL Mountain Seat/Saddle,HL Mountain Seat/Saddle 2
HL Mountain Seat/Saddle,HL Mountain Seat/Saddle 2
HL Mountain Seat/Saddle,HL Mountain Seat/Saddle 2
LL Road Seat/Saddle,LL Road Seat/Saddle 1
LL Road Seat/Saddle,LL Road Seat/Saddle 1
LL Road Seat/Saddle,LL Road Seat/Saddle 1
LL Road Seat/Saddle,LL Road Seat/Saddle 1
LL Road Seat/Saddle,LL Road Seat/Saddle 1
LL Road Seat/Saddle,LL Road Seat/Saddle 1
ML Road Seat/Saddle,ML Road Seat/Saddle 2
ML Road Seat/Saddle,ML Road Seat/Saddle 2
ML Road Seat/Saddle,ML Road Seat/Saddle 2
ML Road Seat/Saddle,ML Road Seat/Saddle 2
ML Road Seat/Saddle,ML Road Seat/Saddle 2
ML Road Seat/Saddle,ML Road Seat/Saddle 2
HL Road Seat/Saddle,HL Road Seat/Saddle 2
HL Road Seat/Saddle,HL Road Seat/Saddle 2
HL Road Seat/Saddle,HL Road Seat/Saddle 2
HL Road Seat/Saddle,HL Road Seat/Saddle 2
HL Road Seat/Saddle,HL Road Seat/Saddle 2
HL Road Seat/Saddle,HL Road Seat/Saddle 2
LL Mountain Tire,LL Mountain Tire
LL Mountain Tire,LL Mountain Tire
LL Mountain Tire,LL Mountain Tire
LL Mountain Tire,LL Mountain Tire
LL Mountain Tire,LL Mountain Tire
LL Mountain Tire,LL Mountain Tire
ML Mountain Tire,ML Mountain Tire
ML Mountain Tire,ML Mountain Tire
ML Mountain Tire,ML Mountain Tire
ML Mountain Tire,ML Mountain Tire
ML Mountain Tire,ML Mountain Tire
ML Mountain Tire,ML Mountain Tire
HL Mountain Tire,HL Mountain Tire
HL Mountain Tire,HL Mountain Tire
HL Mountain Tire,HL Mountain Tire
HL Mountain Tire,HL Mountain Tire
HL Mountain Tire,HL Mountain Tire
HL Mountain Tire,HL Mountain Tire
LL Road Tire,LL Road Tire
LL Road Tire,LL Road Tire
LL Road Tire,LL Road Tire
LL Road Tire,LL Road Tire
LL Road Tire,LL Road Tire
LL Road Tire,LL Road Tire
ML Road Tire,ML Road Tire
ML Road Tire,ML Road Tire
ML Road Tire,ML Road Tire
ML Road Tire,ML Road Tire
ML Road Tire,ML Road Tire
ML Road Tire,ML Road Tire
HL Road Tire,HL Road Tire
HL Road Tire,HL Road Tire
HL Road Tire,HL Road Tire
HL Road Tire,HL Road Tire
HL Road Tire,HL Road Tire
HL Road Tire,HL Road Tire
Touring Tire,Touring Tire
Touring Tire,Touring Tire
Touring Tire,Touring Tire
Touring Tire,Touring Tire
Touring Tire,Touring Tire
Touring Tire,Touring Tire
Mountain Tire Tube,Mountain Tire Tube
Mountain Tire Tube,Mountain Tire Tube
Mountain Tire Tube,Mountain Tire Tube
Mountain Tire Tube,Mountain Tire Tube
Mountain Tire Tube,Mountain Tire Tube
Mountain Tire Tube,Mountain Tire Tube
Road Tire Tube,Road Tire Tube
Road Tire Tube,Road Tire Tube
Road Tire Tube,Road Tire Tube
Road Tire Tube,Road Tire Tube
Road Tire Tube,Road Tire Tube
Road Tire Tube,Road Tire Tube
Touring Tire Tube,Touring Tire Tube
Touring Tire Tube,Touring Tire Tube
Touring Tire Tube,Touring Tire Tube
Touring Tire Tube,Touring Tire Tube
Touring Tire Tube,Touring Tire Tube
Touring Tire Tube,Touring Tire Tube
LL Bottom Bracket,LL Bottom Bracket
LL Bottom Bracket,LL Bottom Bracket
LL Bottom Bracket,LL Bottom Bracket
LL Bottom Bracket,LL Bottom Bracket
LL Bottom Bracket,LL Bottom Bracket
LL Bottom Bracket,LL Bottom Bracket
ML Bottom Bracket,ML Bottom Bracket
ML Bottom Bracket,ML Bottom Bracket
ML Bottom Bracket,ML Bottom Bracket
ML Bottom Bracket,ML Bottom Bracket
ML Bottom Bracket,ML Bottom Bracket
ML Bottom Bracket,ML Bottom Bracket
HL Bottom Bracket,HL Bottom Bracket
HL Bottom Bracket,HL Bottom Bracket
HL Bottom Bracket,HL Bottom Bracket
HL Bottom Bracket,HL Bottom Bracket
HL Bottom Bracket,HL Bottom Bracket
HL Bottom Bracket,HL Bottom Bracket
Chain,Chain
Chain,Chain
Chain,Chain
Chain,Chain
Chain,Chain
Chain,Chain
LL Crankset,LL Crankset
LL Crankset,LL Crankset
LL Crankset,LL Crankset
LL Crankset,LL Crankset
LL Crankset,LL Crankset
LL Crankset,LL Crankset
ML Crankset,ML Crankset
ML Crankset,ML Crankset
ML Crankset,ML Crankset
ML Crankset,ML Crankset
ML Crankset,ML Crankset
ML Crankset,ML Crankset
HL Crankset,HL Crankset
HL Crankset,HL Crankset
HL Crankset,HL Crankset
HL Crankset,HL Crankset
HL Crankset,HL Crankset
HL Crankset,HL Crankset
Front Brakes,Front Brakes
Front Brakes,Front Brakes
Front Brakes,Front Brakes
Front Brakes,Front Brakes
Front Brakes,Front Brakes
Front Brakes,Front Brakes
Front Derailleur,Front Derailleur
Front Derailleur,Front Derailleur
Front Derailleur,Front Derailleur
Front Derailleur,Front Derailleur
Front Derailleur,Front Derailleur
Front Derailleur,Front Derailleur
LL Fork,LL Fork
LL Fork,LL Fork
LL Fork,LL Fork
LL Fork,LL Fork
LL Fork,LL Fork
LL Fork,LL Fork
ML Fork,ML Fork
ML Fork,ML Fork
ML Fork,ML Fork
ML Fork,ML Fork
ML Fork,ML Fork
ML Fork,ML Fork
HL Fork,HL Fork
HL Fork,HL Fork
HL Fork,HL Fork
HL Fork,HL Fork
HL Fork,HL Fork
HL Fork,HL Fork
Hydration Pack - 70 oz.,Hydration Pack
Hydration Pack - 70 oz.,Hydration Pack
Hydration Pack - 70 oz.,Hydration Pack
Hydration Pack - 70 oz.,Hydration Pack
Hydration Pack - 70 oz.,Hydration Pack
Hydration Pack - 70 oz.,Hydration Pack
Taillights - Battery-Powered,Taillight
Taillights - Battery-Powered,Taillight
Taillights - Battery-Powered,Taillight
Taillights - Battery-Powered,Taillight
Taillights - Battery-Powered,Taillight
Taillights - Battery-Powered,Taillight
Headlights - Dual-Beam,Headlights - Dual-Beam
Headlights - Dual-Beam,Headlights - Dual-Beam
Headlights - Dual-Beam,Headlights - Dual-Beam
Headlights - Dual-Beam,Headlights - Dual-Beam
Headlights - Dual-Beam,Headlights - Dual-Beam
Headlights - Dual-Beam,Headlights - Dual-Beam
Headlights - Weatherproof,Headlights - Weatherproof
Headlights - Weatherproof,Headlights - Weatherproof
Headlights - Weatherproof,Headlights - Weatherproof
Headlights - Weatherproof,Headlights - Weatherproof
Headlights - Weatherproof,Headlights - Weatherproof
Headlights - Weatherproof,Headlights - Weatherproof
Water Bottle - 30 oz.,Water Bottle
Water Bottle - 30 oz.,Water Bottle
Water Bottle - 30 oz.,Water Bottle
Water Bottle - 30 oz.,Water Bottle
Water Bottle - 30 oz.,Water Bottle
Water Bottle - 30 oz.,Water Bottle
Mountain Bottle Cage,Mountain Bottle Cage
Mountain Bottle Cage,Mountain Bottle Cage
Mountain Bottle Cage,Mountain Bottle Cage
Mountain Bottle Cage,Mountain Bottle Cage
Mountain Bottle Cage,Mountain Bottle Cage
Mountain Bottle Cage,Mountain Bottle Cage
Road Bottle Cage,Road Bottle Cage
Road Bottle Cage,Road Bottle Cage
Road Bottle Cage,Road Bottle Cage
Road Bottle Cage,Road Bottle Cage
Road Bottle Cage,Road Bottle Cage
Road Bottle Cage,Road Bottle Cage
Patch Kit/8 Patches,Patch kit
Patch Kit/8 Patches,Patch kit
Patch Kit/8 Patches,Patch kit
Patch Kit/8 Patches,Patch kit
Patch Kit/8 Patches,Patch kit
Patch Kit/8 Patches,Patch kit
Cable Lock,Cable Lock
Cable Lock,Cable Lock
Cable Lock,Cable Lock
Cable Lock,Cable Lock
Cable Lock,Cable Lock
Cable Lock,Cable Lock
Minipump,Minipump
Minipump,Minipump
Minipump,Minipump
Minipump,Minipump
Minipump,Minipump
Minipump,Minipump
Mountain Pump,Mountain Pump
Mountain Pump,Mountain Pump
Mountain Pump,Mountain Pump
Mountain Pump,Mountain Pump
Mountain Pump,Mountain Pump
Mountain Pump,Mountain Pump
Hitch Rack - 4-Bike,Hitch Rack - 4-Bike
Hitch Rack - 4-Bike,Hitch Rack - 4-Bike
Hitch Rack - 4-Bike,Hitch Rack - 4-Bike
Hitch Rack - 4-Bike,Hitch Rack - 4-Bike
Hitch Rack - 4-Bike,Hitch Rack - 4-Bike
Hitch Rack - 4-Bike,Hitch Rack - 4-Bike
Bike Wash - Dissolver,Bike Wash
Bike Wash - Dissolver,Bike Wash
Bike Wash - Dissolver,Bike Wash
Bike Wash - Dissolver,Bike Wash
Bike Wash - Dissolver,Bike Wash
Bike Wash - Dissolver,Bike Wash
"Touring-Panniers, Large",Touring-Panniers
"Touring-Panniers, Large",Touring-Panniers
"Touring-Panniers, Large",Touring-Panniers
"Touring-Panniers, Large",Touring-Panniers
"Touring-Panniers, Large",Touring-Panniers
"Touring-Panniers, Large",Touring-Panniers
Fender Set - Mountain,Fender Set - Mountain
Fender Set - Mountain,Fender Set - Mountain
Fender Set - Mountain,Fender Set - Mountain
Fender Set - Mountain,Fender Set - Mountain
Fender Set - Mountain,Fender Set - Mountain
Fender Set - Mountain,Fender Set - Mountain
All-Purpose Bike Stand,All-Purpose Bike Stand
All-Purpose Bike Stand,All-Purpose Bike Stand
All-Purpose Bike Stand,All-Purpose Bike Stand
All-Purpose Bike Stand,All-Purpose Bike Stand
All-Purpose Bike Stand,All-Purpose Bike Stand
All-Purpose Bike Stand,All-Purpose Bike Stand
LL Mountain Rear Wheel,LL Mountain Rear Wheel
LL Mountain Rear Wheel,LL Mountain Rear Wheel
LL Mountain Rear Wheel,LL Mountain Rear Wheel
LL Mountain Rear Wheel,LL Mountain Rear Wheel
LL Mountain Rear Wheel,LL Mountain Rear Wheel
LL Mountain Rear Wheel,LL Mountain Rear Wheel
ML Mountain Rear Wheel,ML Mountain Rear Wheel
ML Mountain Rear Wheel,ML Mountain Rear Wheel
ML Mountain Rear Wheel,ML Mountain Rear Wheel
ML Mountain Rear Wheel,ML Mountain Rear Wheel
ML Mountain Rear Wheel,ML Mountain Rear Wheel
ML Mountain Rear Wheel,ML Mountain Rear Wheel
HL Mountain Rear Wheel,HL Mountain Rear Wheel
HL Mountain Rear Wheel,HL Mountain Rear Wheel
HL Mountain Rear Wheel,HL Mountain Rear Wheel
HL Mountain Rear Wheel,HL Mountain Rear Wheel
HL Mountain Rear Wheel,HL Mountain Rear Wheel
HL Mountain Rear Wheel,HL Mountain Rear Wheel
LL Road Rear Wheel,LL Road Rear Wheel
LL Road Rear Wheel,LL Road Rear Wheel
LL Road Rear Wheel,LL Road Rear Wheel
LL Road Rear Wheel,LL Road Rear Wheel
LL Road Rear Wheel,LL Road Rear Wheel
LL Road Rear Wheel,LL Road Rear Wheel
Rear Derailleur,Rear Derailleur
Rear Derailleur,Rear Derailleur
Rear Derailleur,Rear Derailleur
Rear Derailleur,Rear Derailleur
Rear Derailleur,Rear Derailleur
Rear Derailleur,Rear Derailleur